Device_id,kernel_name,kernel_type,stream_id,task_id,task_time(us),task_start(us),task_stop(us)
0,N/A,PROFILING_ENABLE,49,3,0.000,1784164939659537.568	,1784164939659537.568	
0,N/A,TASK_TIMEOUT_SET,49,4,109.022,1784164939665732.952	,1784164939665841.974	
0,N/A,KERNEL_AICPU,43,0,2915.338,1784164941362169.926	,1784164941365085.265	
0,N/A,EVENT_RECORD,46,0,0.020,1784164941365350.910	,1784164941365350.930	
0,N/A,EVENT_WAIT,43,1,0.020,1784164941365354.130	,1784164941365354.150	
0,N/A,EVENT_WAIT,42,0,0.020,1784164941365358.490	,1784164941365358.510	
0,N/A,KERNEL_AICPU,42,1,295.165,1784164941365365.110	,1784164941365660.276	
0,N/A,KERNEL_AICPU,43,2,327.086,1784164941365378.011	,1784164941365705.097	
0,tilefwk_0_mix_aic,KERNEL_MIX_AIC,46,1,214.444,1784164941365481.213	,1784164941365695.657	
0,N/A,EVENT_WAIT,43,3,3.720,1784164941365814.979	,1784164941365818.699	
0,N/A,EVENT_RECORD,46,2,0.020,1784164941365818.239	,1784164941365818.259	
0,N/A,EVENT_WAIT,42,2,0.020,1784164941365822.239	,1784164941365822.259	
0,N/A,KERNEL_AICPU,42,3,95.441,1784164941365828.720	,1784164941365924.162	
0,N/A,KERNEL_AICPU,43,4,134.682,1784164941365831.360	,1784164941365966.042	
0,tilefwk_0_mix_aic,KERNEL_MIX_AIC,46,3,109.002,1784164941365842.580	,1784164941365951.582	
0,N/A,EVENT_WAIT,43,5,3.120,1784164941365992.123	,1784164941365995.243	
0,N/A,EVENT_RECORD,46,4,0.020,1784164941365994.783	,1784164941365994.803	
0,N/A,EVENT_WAIT,42,4,0.020,1784164941365999.303	,1784164941365999.323	
0,N/A,KERNEL_AICPU,42,5,60.301,1784164941366005.883	,1784164941366066.184	
0,N/A,KERNEL_AICPU,43,6,91.761,1784164941366007.703	,1784164941366099.465	
0,tilefwk_0_mix_aic,KERNEL_MIX_AIC,46,5,73.681,1784164941366019.863	,1784164941366093.545	
0,N/A,EVENT_WAIT,43,7,3.260,1784164941366177.647	,1784164941366180.907	
0,N/A,EVENT_RECORD,46,6,0.020,1784164941366180.447	,1784164941366180.467	
0,N/A,EVENT_WAIT,42,6,0.000,1784164941366184.807	,1784164941366184.807	
0,N/A,KERNEL_AICPU,42,7,40.340,1784164941366191.307	,1784164941366231.648	
0,N/A,KERNEL_AICPU,43,8,69.821,1784164941366193.307	,1784164941366263.128	
0,tilefwk_0_mix_aic,KERNEL_MIX_AIC,46,7,54.181,1784164941366205.487	,1784164941366259.668	
0,N/A,EVENT_WAIT,43,9,2.560,1784164941366329.710	,1784164941366332.270	
0,N/A,EVENT_RECORD,46,8,0.020,1784164941366331.730	,1784164941366331.750	
0,N/A,EVENT_WAIT,42,8,0.000,1784164941366336.790	,1784164941366336.790	
0,N/A,KERNEL_AICPU,42,9,51.021,1784164941366343.290	,1784164941366394.311	
0,N/A,KERNEL_AICPU,43,10,86.321,1784164941366344.610	,1784164941366430.932	
0,tilefwk_0_mix_aic,KERNEL_MIX_AIC,46,9,65.061,1784164941366357.330	,1784164941366422.391	
0,N/A,EVENT_RECORD,46,10,0.020,1784164941366476.753	,1784164941366476.773	
0,N/A,EVENT_WAIT,43,11,0.020,1784164941366477.933	,1784164941366477.953	
0,N/A,EVENT_WAIT,42,10,0.000,1784164941366483.873	,1784164941366483.873	
0,N/A,KERNEL_AICPU,42,11,47.340,1784164941366490.353	,1784164941366537.694	
0,N/A,KERNEL_AICPU,43,12,74.381,1784164941366496.073	,1784164941366570.454	
0,tilefwk_0_mix_aic,KERNEL_MIX_AIC,46,11,60.921,1784164941366503.913	,1784164941366564.834	
0,N/A,EVENT_WAIT,43,13,2.540,1784164941366624.355	,1784164941366626.896	
0,N/A,EVENT_RECORD,46,12,0.020,1784164941366626.436	,1784164941366626.456	
0,N/A,EVENT_WAIT,42,12,0.020,1784164941366631.536	,1784164941366631.556	
0,N/A,KERNEL_AICPU,42,13,30.260,1784164941366637.956	,1784164941366668.216	
0,N/A,KERNEL_AICPU,43,14,61.961,1784164941366639.176	,1784164941366701.137	
0,tilefwk_0_mix_aic,KERNEL_MIX_AIC,46,13,46.320,1784164941366651.716	,1784164941366698.037	
0,N/A,EVENT_WAIT,43,15,2.900,1784164941366803.079	,1784164941366805.979	
0,N/A,EVENT_RECORD,46,14,0.000,1784164941366805.519	,1784164941366805.519	
0,N/A,EVENT_WAIT,42,14,0.020,1784164941366810.059	,1784164941366810.079	
0,N/A,KERNEL_AICPU,42,15,49.260,1784164941366816.579	,1784164941366865.840	
0,N/A,KERNEL_AICPU,43,16,81.661,1784164941366818.299	,1784164941366899.961	
0,tilefwk_0_mix_aic,KERNEL_MIX_AIC,46,15,62.421,1784164941366830.500	,1784164941366892.921	
0,N/A,EVENT_WAIT,43,17,2.380,1784164941366949.262	,1784164941366951.642	
0,N/A,EVENT_RECORD,46,16,0.020,1784164941366951.162	,1784164941366951.182	
0,N/A,EVENT_WAIT,42,16,0.000,1784164941366956.302	,1784164941366956.302	
0,N/A,KERNEL_AICPU,42,17,37.600,1784164941366962.502	,1784164941367000.103	
0,N/A,KERNEL_AICPU,43,18,70.861,1784164941366963.722	,1784164941367034.584	
0,tilefwk_0_mix_aic,KERNEL_MIX_AIC,46,17,53.341,1784164941366975.963	,1784164941367029.304	
0,N/A,EVENT_WAIT,43,19,3.060,1784164941367086.585	,1784164941367089.645	
0,N/A,EVENT_RECORD,46,18,0.020,1784164941367089.165	,1784164941367089.185	
0,N/A,EVENT_WAIT,42,18,0.020,1784164941367093.485	,1784164941367093.505	
0,N/A,KERNEL_AICPU,42,19,30.960,1784164941367099.905	,1784164941367130.866	
0,N/A,KERNEL_AICPU,43,20,62.621,1784164941367101.825	,1784164941367164.446	
0,tilefwk_0_mix_aic,KERNEL_MIX_AIC,46,19,45.560,1784164941367115.245	,1784164941367160.806	
0,N/A,EVENT_RECORD,46,20,0.020,1784164941367222.287	,1784164941367222.307	
0,N/A,EVENT_WAIT,43,21,0.000,1784164941367224.487	,1784164941367224.487	
0,N/A,EVENT_WAIT,42,20,0.000,1784164941367229.308	,1784164941367229.308	
0,N/A,KERNEL_AICPU,42,21,49.400,1784164941367235.888	,1784164941367285.289	
0,N/A,KERNEL_AICPU,43,22,80.041,1784164941367238.328	,1784164941367318.369	
0,tilefwk_0_mix_aic,KERNEL_MIX_AIC,46,21,66.501,1784164941367246.128	,1784164941367312.629	
0,N/A,EVENT_WAIT,43,23,2.920,1784164941367363.050	,1784164941367365.970	
0,N/A,EVENT_RECORD,46,22,0.020,1784164941367365.510	,1784164941367365.530	
0,N/A,EVENT_WAIT,42,22,0.020,1784164941367370.330	,1784164941367370.350	
0,N/A,KERNEL_AICPU,42,23,46.060,1784164941367376.751	,1784164941367422.811	
0,N/A,KERNEL_AICPU,43,24,78.621,1784164941367378.111	,1784164941367456.732	
0,tilefwk_0_mix_aic,KERNEL_MIX_AIC,46,23,60.681,1784164941367390.511	,1784164941367451.192	
0,N/A,EVENT_WAIT,43,25,2.520,1784164941367502.313	,1784164941367504.833	
0,N/A,EVENT_RECORD,46,24,0.020,1784164941367504.373	,1784164941367504.393	
0,N/A,EVENT_WAIT,42,24,0.020,1784164941367509.113	,1784164941367509.133	
0,N/A,KERNEL_AICPU,42,25,30.240,1784164941367515.413	,1784164941367545.654	
0,N/A,KERNEL_AICPU,43,26,62.601,1784164941367517.033	,1784164941367579.635	
0,tilefwk_0_mix_aic,KERNEL_MIX_AIC,46,25,46.460,1784164941367529.414	,1784164941367575.875	
0,N/A,EVENT_WAIT,43,27,2.780,1784164941367640.356	,1784164941367643.136	
0,N/A,EVENT_RECORD,46,26,0.020,1784164941367642.656	,1784164941367642.676	
0,N/A,EVENT_WAIT,42,26,0.020,1784164941367647.376	,1784164941367647.396	
0,N/A,KERNEL_AICPU,42,27,48.620,1784164941367653.836	,1784164941367702.457	
0,N/A,KERNEL_AICPU,43,28,82.341,1784164941367655.216	,1784164941367737.558	
0,tilefwk_0_mix_aic,KERNEL_MIX_AIC,46,27,63.961,1784164941367667.356	,1784164941367731.318	
0,N/A,EVENT_WAIT,43,29,2.540,1784164941367776.079	,1784164941367778.619	
0,N/A,EVENT_RECORD,46,28,0.020,1784164941367778.139	,1784164941367778.159	
0,N/A,EVENT_WAIT,42,28,0.020,1784164941367783.139	,1784164941367783.159	
0,N/A,KERNEL_AICPU,42,29,39.060,1784164941367789.479	,1784164941367828.540	
0,N/A,KERNEL_AICPU,43,30,71.781,1784164941367790.919	,1784164941367862.700	
0,tilefwk_0_mix_aic,KERNEL_MIX_AIC,46,29,53.521,1784164941367803.379	,1784164941367856.900	
0,N/A,EVENT_WAIT,43,31,2.360,1784164941367915.721	,1784164941367918.081	
0,N/A,EVENT_RECORD,46,30,0.020,1784164941367917.601	,1784164941367917.621	
0,N/A,EVENT_WAIT,42,30,0.020,1784164941367922.381	,1784164941367922.401	
0,N/A,KERNEL_AICPU,42,31,30.080,1784164941367928.662	,1784164941367958.742	
0,N/A,KERNEL_AICPU,43,32,59.801,1784164941367930.402	,1784164941367990.203	
0,tilefwk_0_mix_aic,KERNEL_MIX_AIC,46,31,44.300,1784164941367942.602	,1784164941367986.903	
0,N/A,EVENT_WAIT,43,33,2.640,1784164941368056.644	,1784164941368059.284	
0,N/A,EVENT_RECORD,46,32,0.000,1784164941368058.824	,1784164941368058.824	
0,N/A,EVENT_WAIT,42,32,0.020,1784164941368063.904	,1784164941368063.924	
0,N/A,KERNEL_AICPU,42,33,49.420,1784164941368070.484	,1784164941368119.905	
0,N/A,KERNEL_AICPU,43,34,82.481,1784164941368071.724	,1784164941368154.206	
0,tilefwk_0_mix_aic,KERNEL_MIX_AIC,46,33,63.301,1784164941368084.685	,1784164941368147.986	
0,N/A,EVENT_WAIT,43,35,2.940,1784164941368190.547	,1784164941368193.487	
0,N/A,EVENT_RECORD,46,34,0.020,1784164941368192.967	,1784164941368192.987	
0,N/A,EVENT_WAIT,42,34,0.020,1784164941368197.707	,1784164941368197.727	
0,N/A,KERNEL_AICPU,42,35,45.320,1784164941368204.327	,1784164941368249.648	
0,N/A,KERNEL_AICPU,43,36,78.601,1784164941368205.847	,1784164941368284.449	
0,tilefwk_0_mix_aic,KERNEL_MIX_AIC,46,35,60.641,1784164941368218.167	,1784164941368278.809	
0,N/A,EVENT_WAIT,43,37,2.560,1784164941368322.349	,1784164941368324.909	
0,N/A,EVENT_RECORD,46,36,0.020,1784164941368324.449	,1784164941368324.469	
0,N/A,EVENT_WAIT,42,36,0.020,1784164941368329.770	,1784164941368329.790	
0,N/A,KERNEL_AICPU,42,37,30.180,1784164941368336.210	,1784164941368366.390	
0,N/A,KERNEL_AICPU,43,38,62.901,1784164941368337.450	,1784164941368400.351	
0,tilefwk_0_mix_aic,KERNEL_MIX_AIC,46,37,46.640,1784164941368350.430	,1784164941368397.071	
0,N/A,EVENT_WAIT,43,39,2.460,1784164941368450.292	,1784164941368452.752	
0,N/A,EVENT_RECORD,46,38,0.020,1784164941368452.292	,1784164941368452.312	
0,N/A,EVENT_WAIT,42,38,0.000,1784164941368457.492	,1784164941368457.492	
0,N/A,KERNEL_AICPU,42,39,48.060,1784164941368464.112	,1784164941368512.173	
0,N/A,KERNEL_AICPU,43,40,79.401,1784164941368465.132	,1784164941368544.534	
0,tilefwk_0_mix_aic,KERNEL_MIX_AIC,46,39,61.581,1784164941368478.253	,1784164941368539.834	
0,N/A,EVENT_WAIT,43,41,2.540,1784164941368585.255	,1784164941368587.795	
0,N/A,EVENT_RECORD,46,40,0.020,1784164941368587.335	,1784164941368587.355	
0,N/A,EVENT_WAIT,42,40,0.020,1784164941368592.415	,1784164941368592.435	
0,N/A,KERNEL_AICPU,42,41,39.020,1784164941368598.955	,1784164941368637.976	
0,N/A,KERNEL_AICPU,43,42,73.001,1784164941368600.175	,1784164941368673.176	
0,tilefwk_0_mix_aic,KERNEL_MIX_AIC,46,41,54.681,1784164941368612.875	,1784164941368667.556	
0,N/A,EVENT_WAIT,43,43,2.460,1784164941368721.577	,1784164941368724.037	
0,N/A,EVENT_RECORD,46,42,0.020,1784164941368723.577	,1784164941368723.597	
0,N/A,EVENT_WAIT,42,42,0.020,1784164941368728.718	,1784164941368728.738	
0,N/A,KERNEL_AICPU,42,43,30.720,1784164941368735.178	,1784164941368765.898	
0,N/A,KERNEL_AICPU,43,44,63.481,1784164941368736.498	,1784164941368799.979	
0,tilefwk_0_mix_aic,KERNEL_MIX_AIC,46,43,47.460,1784164941368749.238	,1784164941368796.699	
0,N/A,EVENT_WAIT,43,45,2.540,1784164941368851.220	,1784164941368853.760	
0,N/A,EVENT_RECORD,46,44,0.020,1784164941368853.300	,1784164941368853.320	
0,N/A,EVENT_WAIT,42,44,0.020,1784164941368858.300	,1784164941368858.320	
0,N/A,KERNEL_AICPU,42,45,47.580,1784164941368864.980	,1784164941368912.561	
0,N/A,KERNEL_AICPU,43,46,80.261,1784164941368866.280	,1784164941368946.542	
0,tilefwk_0_mix_aic,KERNEL_MIX_AIC,46,45,61.541,1784164941368878.841	,1784164941368940.382	
0,N/A,EVENT_WAIT,43,47,2.640,1784164941368982.483	,1784164941368985.123	
0,N/A,EVENT_RECORD,46,46,0.020,1784164941368984.643	,1784164941368984.663	
0,N/A,EVENT_WAIT,42,46,0.020,1784164941368989.643	,1784164941368989.663	
0,N/A,KERNEL_AICPU,42,47,40.660,1784164941368996.183	,1784164941369036.844	
0,N/A,KERNEL_AICPU,43,48,73.941,1784164941368997.523	,1784164941369071.464	
0,tilefwk_0_mix_aic,KERNEL_MIX_AIC,46,47,54.241,1784164941369009.983	,1784164941369064.224	
0,N/A,EVENT_WAIT,43,49,2.640,1784164941369132.826	,1784164941369135.466	
0,N/A,EVENT_RECORD,46,48,0.020,1784164941369134.986	,1784164941369135.006	
0,N/A,EVENT_WAIT,42,48,0.020,1784164941369139.866	,1784164941369139.886	
0,N/A,KERNEL_AICPU,42,49,29.700,1784164941369146.306	,1784164941369176.006	
0,N/A,KERNEL_AICPU,43,50,52.441,1784164941369156.766	,1784164941369209.207	
0,tilefwk_0_mix_aic,KERNEL_MIX_AIC,46,49,45.800,1784164941369160.106	,1784164941369205.907	
0,N/A,EVENT_WAIT,43,51,2.940,1784164941369279.629	,1784164941369282.569	
0,N/A,EVENT_RECORD,46,50,0.020,1784164941369282.089	,1784164941369282.109	
0,N/A,EVENT_WAIT,42,50,0.020,1784164941369286.529	,1784164941369286.549	
0,N/A,KERNEL_AICPU,42,51,49.420,1784164941369293.009	,1784164941369342.430	
0,N/A,KERNEL_AICPU,43,52,81.241,1784164941369294.969	,1784164941369376.210	
0,tilefwk_0_mix_aic,KERNEL_MIX_AIC,46,51,63.421,1784164941369307.169	,1784164941369370.590	
0,N/A,EVENT_WAIT,43,53,2.820,1784164941369415.471	,1784164941369418.291	
0,N/A,EVENT_RECORD,46,52,0.000,1784164941369417.831	,1784164941369417.831	
0,N/A,EVENT_WAIT,42,52,0.020,1784164941369422.511	,1784164941369422.531	
0,N/A,KERNEL_AICPU,42,53,38.160,1784164941369428.952	,1784164941369467.112	
0,N/A,KERNEL_AICPU,43,54,70.221,1784164941369430.692	,1784164941369500.913	
0,tilefwk_0_mix_aic,KERNEL_MIX_AIC,46,53,52.641,1784164941369442.772	,1784164941369495.413	
0,N/A,EVENT_WAIT,43,55,2.660,1784164941369544.374	,1784164941369547.034	
0,N/A,EVENT_RECORD,46,54,0.020,1784164941369546.554	,1784164941369546.574	
0,N/A,EVENT_WAIT,42,54,0.020,1784164941369551.454	,1784164941369551.474	
0,N/A,KERNEL_AICPU,42,55,30.380,1784164941369557.874	,1784164941369588.255	
0,N/A,KERNEL_AICPU,43,56,60.821,1784164941369559.354	,1784164941369620.175	
0,tilefwk_0_mix_aic,KERNEL_MIX_AIC,46,55,44.880,1784164941369572.054	,1784164941369616.935	
0,N/A,EVENT_WAIT,43,57,2.760,1784164941369673.516	,1784164941369676.276	
0,N/A,EVENT_RECORD,46,56,0.020,1784164941369675.796	,1784164941369675.816	
0,N/A,EVENT_WAIT,42,56,0.020,1784164941369680.577	,1784164941369680.597	
0,N/A,KERNEL_AICPU,42,57,48.400,1784164941369687.057	,1784164941369735.458	
0,N/A,KERNEL_AICPU,43,58,82.101,1784164941369688.537	,1784164941369770.638	
0,tilefwk_0_mix_aic,KERNEL_MIX_AIC,46,57,63.161,1784164941369701.017	,1784164941369764.178	
0,N/A,EVENT_WAIT,43,59,2.700,1784164941369806.439	,1784164941369809.139	
0,N/A,EVENT_RECORD,46,58,0.020,1784164941369808.659	,1784164941369808.679	
0,N/A,EVENT_WAIT,42,58,0.020,1784164941369813.379	,1784164941369813.399	
0,N/A,KERNEL_AICPU,42,59,38.260,1784164941369819.779	,1784164941369858.040	
0,N/A,KERNEL_AICPU,43,60,65.061,1784164941369826.999	,1784164941369892.061	
0,tilefwk_0_mix_aic,KERNEL_MIX_AIC,46,59,52.521,1784164941369833.900	,1784164941369886.421	
0,N/A,EVENT_WAIT,43,61,2.800,1784164941369944.602	,1784164941369947.402	
0,N/A,EVENT_RECORD,46,60,0.020,1784164941369946.902	,1784164941369946.922	
0,N/A,EVENT_WAIT,42,60,0.020,1784164941369951.722	,1784164941369951.742	
0,N/A,KERNEL_AICPU,42,61,35.580,1784164941369958.142	,1784164941369993.723	
0,N/A,KERNEL_AICPU,43,62,67.461,1784164941369959.642	,1784164941370027.103	
0,tilefwk_0_mix_aic,KERNEL_MIX_AIC,46,61,51.701,1784164941369972.082	,1784164941370023.783	
0,N/A,EVENT_RECORD,46,62,0.020,1784164941370088.885	,1784164941370088.905	
0,N/A,EVENT_WAIT,43,63,0.020,1784164941370095.865	,1784164941370095.885	
0,N/A,EVENT_WAIT,42,62,0.020,1784164941370102.665	,1784164941370102.685	
0,N/A,KERNEL_AICPU,42,63,46.340,1784164941370109.185	,1784164941370155.526	
0,N/A,KERNEL_AICPU,43,64,68.621,1784164941370121.665	,1784164941370190.287	
0,tilefwk_0_mix_aic,KERNEL_MIX_AIC,46,63,49.721,1784164941370133.046	,1784164941370182.767	
0,N/A,EVENT_RECORD,46,64,0.020,1784164941370275.608	,1784164941370275.628	
0,N/A,EVENT_WAIT,42,64,0.000,1784164941370366.610	,1784164941370366.610	
0,N/A,EVENT_WAIT,43,65,0.000,1784164941370369.330	,1784164941370369.330	
0,N/A,KERNEL_AICPU,42,65,38.980,1784164941370373.230	,1784164941370412.211	
0,N/A,KERNEL_AICPU,43,66,70.241,1784164941370376.130	,1784164941370446.372	
0,tilefwk_0_mix_aic,KERNEL_MIX_AIC,46,65,52.501,1784164941370387.891	,1784164941370440.392	
0,N/A,EVENT_WAIT,43,67,2.600,1784164941370504.393	,1784164941370506.993	
0,N/A,EVENT_RECORD,46,66,0.020,1784164941370506.533	,1784164941370506.553	
0,N/A,EVENT_WAIT,42,66,0.020,1784164941370511.393	,1784164941370511.413	
0,N/A,KERNEL_AICPU,42,67,36.660,1784164941370517.893	,1784164941370554.554	
0,N/A,KERNEL_AICPU,43,68,67.541,1784164941370519.373	,1784164941370586.915	
0,tilefwk_0_mix_aic,KERNEL_MIX_AIC,46,67,51.741,1784164941370531.874	,1784164941370583.615	
0,N/A,EVENT_WAIT,43,69,2.900,1784164941370638.196	,1784164941370641.096	
0,N/A,EVENT_RECORD,46,68,0.020,1784164941370640.656	,1784164941370640.676	
0,N/A,EVENT_WAIT,42,68,0.020,1784164941370645.296	,1784164941370645.316	
0,N/A,KERNEL_AICPU,42,69,45.780,1784164941370651.856	,1784164941370697.637	
0,N/A,KERNEL_AICPU,43,70,78.201,1784164941370653.556	,1784164941370731.758	
0,tilefwk_0_mix_aic,KERNEL_MIX_AIC,46,69,59.801,1784164941370665.716	,1784164941370725.517	
0,N/A,EVENT_WAIT,43,71,2.480,1784164941370784.879	,1784164941370787.359	
0,N/A,EVENT_RECORD,46,70,0.020,1784164941370786.919	,1784164941370786.939	
0,N/A,EVENT_WAIT,42,70,0.020,1784164941370791.959	,1784164941370791.979	
0,N/A,KERNEL_AICPU,42,71,38.800,1784164941370798.499	,1784164941370837.300	
0,N/A,KERNEL_AICPU,43,72,70.541,1784164941370799.799	,1784164941370870.340	
0,tilefwk_0_mix_aic,KERNEL_MIX_AIC,46,71,52.541,1784164941370812.319	,1784164941370864.860	
0,N/A,EVENT_WAIT,43,73,2.620,1784164941370921.121	,1784164941370923.741	
0,N/A,EVENT_RECORD,46,72,0.020,1784164941370923.281	,1784164941370923.301	
0,N/A,EVENT_WAIT,42,72,0.020,1784164941370928.101	,1784164941370928.121	
0,N/A,KERNEL_AICPU,42,73,35.660,1784164941370934.562	,1784164941370970.222	
0,N/A,KERNEL_AICPU,43,74,68.341,1784164941370936.122	,1784164941371004.463	
0,tilefwk_0_mix_aic,KERNEL_MIX_AIC,46,73,52.481,1784164941370948.702	,1784164941371001.183	
0,N/A,EVENT_WAIT,43,75,2.720,1784164941371046.704	,1784164941371049.424	
0,N/A,EVENT_RECORD,46,74,0.000,1784164941371048.984	,1784164941371048.984	
0,N/A,EVENT_WAIT,42,74,0.000,1784164941371053.744	,1784164941371053.744	
0,N/A,KERNEL_AICPU,42,75,47.220,1784164941371060.204	,1784164941371107.425	
0,N/A,KERNEL_AICPU,43,76,80.121,1784164941371061.724	,1784164941371141.846	
0,tilefwk_0_mix_aic,KERNEL_MIX_AIC,46,75,60.541,1784164941371074.324	,1784164941371134.866	
0,N/A,EVENT_WAIT,43,77,2.540,1784164941371175.186	,1784164941371177.726	
0,N/A,EVENT_RECORD,46,76,0.000,1784164941371177.286	,1784164941371177.286	
0,N/A,EVENT_WAIT,42,76,0.020,1784164941371182.187	,1784164941371182.207	
0,N/A,KERNEL_AICPU,42,77,43.020,1784164941371188.627	,1784164941371231.648	
0,N/A,KERNEL_AICPU,43,78,75.681,1784164941371190.107	,1784164941371265.788	
0,tilefwk_0_mix_aic,KERNEL_MIX_AIC,46,77,57.741,1784164941371202.547	,1784164941371260.288	
0,N/A,EVENT_WAIT,43,79,2.460,1784164941371302.969	,1784164941371305.429	
0,N/A,EVENT_RECORD,46,78,0.020,1784164941371304.989	,1784164941371305.009	
0,N/A,EVENT_WAIT,42,78,0.020,1784164941371310.129	,1784164941371310.149	
0,N/A,KERNEL_AICPU,42,79,34.500,1784164941371316.649	,1784164941371351.150	
0,N/A,KERNEL_AICPU,43,80,76.441,1784164941371317.809	,1784164941371394.251	
0,tilefwk_0_mix_aic,KERNEL_MIX_AIC,46,79,60.141,1784164941371330.650	,1784164941371390.791	
0,N/A,EVENT_WAIT,43,81,3.080,1784164941371434.472	,1784164941371437.552	
0,N/A,EVENT_RECORD,46,80,0.020,1784164941371437.072	,1784164941371437.092	
0,N/A,EVENT_WAIT,42,80,0.020,1784164941371441.452	,1784164941371441.472	
0,N/A,KERNEL_AICPU,42,81,47.780,1784164941371447.852	,1784164941371495.633	
0,N/A,KERNEL_AICPU,43,82,81.461,1784164941371449.692	,1784164941371531.154	
0,tilefwk_0_mix_aic,KERNEL_MIX_AIC,46,81,61.701,1784164941371461.772	,1784164941371523.473	
0,N/A,EVENT_WAIT,43,83,2.580,1784164941371569.394	,1784164941371571.974	
0,N/A,EVENT_RECORD,46,82,0.020,1784164941371571.514	,1784164941371571.534	
0,N/A,EVENT_WAIT,42,82,0.020,1784164941371576.434	,1784164941371576.454	
0,N/A,KERNEL_AICPU,42,83,44.360,1784164941371582.815	,1784164941371627.175	
0,N/A,KERNEL_AICPU,43,84,77.761,1784164941371584.155	,1784164941371661.916	
0,tilefwk_0_mix_aic,KERNEL_MIX_AIC,46,83,57.961,1784164941371596.355	,1784164941371654.316	
0,N/A,EVENT_WAIT,43,85,2.360,1784164941371698.237	,1784164941371700.597	
0,N/A,EVENT_RECORD,46,84,0.020,1784164941371700.117	,1784164941371700.137	
0,N/A,EVENT_WAIT,42,84,0.020,1784164941371705.197	,1784164941371705.217	
0,N/A,KERNEL_AICPU,42,85,34.420,1784164941371711.577	,1784164941371745.998	
0,N/A,KERNEL_AICPU,43,86,66.461,1784164941371712.877	,1784164941371779.338	
0,tilefwk_0_mix_aic,KERNEL_MIX_AIC,46,85,50.301,1784164941371725.597	,1784164941371775.898	
0,N/A,EVENT_WAIT,43,87,2.680,1784164941371825.479	,1784164941371828.159	
0,N/A,EVENT_RECORD,46,86,0.020,1784164941371827.699	,1784164941371827.719	
0,N/A,EVENT_WAIT,42,86,0.000,1784164941371832.340	,1784164941371832.340	
0,N/A,KERNEL_AICPU,42,87,46.780,1784164941371838.600	,1784164941371885.381	
0,N/A,KERNEL_AICPU,43,88,76.661,1784164941371840.300	,1784164941371916.961	
0,tilefwk_0_mix_aic,KERNEL_MIX_AIC,46,87,59.241,1784164941371852.300	,1784164941371911.541	
0,N/A,EVENT_WAIT,43,89,2.540,1784164941371951.582	,1784164941371954.122	
0,N/A,EVENT_RECORD,46,88,0.000,1784164941371953.662	,1784164941371953.662	
0,N/A,EVENT_WAIT,42,88,0.000,1784164941371958.562	,1784164941371958.562	
0,N/A,KERNEL_AICPU,42,89,37.420,1784164941371964.962	,1784164941372002.383	
0,N/A,KERNEL_AICPU,43,90,71.021,1784164941371966.262	,1784164941372037.284	
0,tilefwk_0_mix_aic,KERNEL_MIX_AIC,46,89,51.921,1784164941371978.582	,1784164941372030.504	
0,N/A,EVENT_WAIT,43,91,2.520,1784164941372084.405	,1784164941372086.925	
0,N/A,EVENT_RECORD,46,90,0.020,1784164941372086.425	,1784164941372086.445	
0,N/A,EVENT_WAIT,42,90,0.020,1784164941372091.425	,1784164941372091.445	
0,N/A,KERNEL_AICPU,42,91,34.860,1784164941372097.705	,1784164941372132.566	
0,N/A,KERNEL_AICPU,43,92,66.741,1784164941372099.005	,1784164941372165.746	
0,tilefwk_0_mix_aic,KERNEL_MIX_AIC,46,91,51.121,1784164941372111.305	,1784164941372162.426	
0,N/A,EVENT_WAIT,43,93,2.540,1784164941372216.727	,1784164941372219.267	
0,N/A,EVENT_RECORD,46,92,0.020,1784164941372218.807	,1784164941372218.827	
0,N/A,EVENT_WAIT,42,92,0.020,1784164941372223.727	,1784164941372223.747	
0,N/A,KERNEL_AICPU,42,93,47.680,1784164941372230.148	,1784164941372277.828	
0,N/A,KERNEL_AICPU,43,94,83.541,1784164941372231.308	,1784164941372314.849	
0,tilefwk_0_mix_aic,KERNEL_MIX_AIC,46,93,63.061,1784164941372243.908	,1784164941372306.969	
0,N/A,EVENT_WAIT,43,95,2.500,1784164941372344.790	,1784164941372347.290	
0,N/A,EVENT_RECORD,46,94,0.020,1784164941372346.810	,1784164941372346.830	
0,N/A,EVENT_WAIT,42,94,0.000,1784164941372351.750	,1784164941372351.750	
0,N/A,KERNEL_AICPU,42,95,40.660,1784164941372358.050	,1784164941372398.711	
0,N/A,KERNEL_AICPU,43,96,70.441,1784164941372359.690	,1784164941372430.131	
0,tilefwk_0_mix_aic,KERNEL_MIX_AIC,46,95,52.581,1784164941372372.130	,1784164941372424.711	
0,N/A,EVENT_WAIT,43,97,9.600,1784164941372471.432	,1784164941372481.033	
0,N/A,EVENT_WAIT,42,96,3.560,1784164941372478.572	,1784164941372482.133	
0,N/A,EVENT_RECORD,46,96,0.020,1784164941372480.573	,1784164941372480.593	
0,N/A,KERNEL_AICPU,42,97,36.200,1784164941372485.173	,1784164941372521.373	
0,N/A,KERNEL_AICPU,43,98,64.861,1784164941372488.893	,1784164941372553.754	
0,tilefwk_0_mix_aic,KERNEL_MIX_AIC,46,97,50.721,1784164941372499.493	,1784164941372550.214	
0,N/A,EVENT_WAIT,43,99,4.860,1784164941372596.175	,1784164941372601.035	
0,N/A,EVENT_RECORD,46,98,0.020,1784164941372600.575	,1784164941372600.595	
0,N/A,EVENT_WAIT,42,98,0.020,1784164941372602.915	,1784164941372602.935	
0,N/A,KERNEL_AICPU,42,99,46.800,1784164941372609.515	,1784164941372656.316	
0,N/A,KERNEL_AICPU,43,100,75.641,1784164941372616.095	,1784164941372691.737	
0,tilefwk_0_mix_aic,KERNEL_MIX_AIC,46,99,61.101,1784164941372623.335	,1784164941372684.437	
0,N/A,EVENT_WAIT,43,101,5.120,1784164941372731.538	,1784164941372736.658	
0,N/A,EVENT_RECORD,46,100,0.020,1784164941372736.198	,1784164941372736.218	
0,N/A,EVENT_WAIT,42,100,0.020,1784164941372738.638	,1784164941372738.658	
0,N/A,KERNEL_AICPU,43,102,85.621,1784164941372743.998	,1784164941372829.619	
0,N/A,KERNEL_AICPU,42,101,49.280,1784164941372745.318	,1784164941372794.599	
0,tilefwk_0_mix_aic,KERNEL_MIX_AIC,46,101,66.161,1784164941372757.298	,1784164941372823.459	
0,N/A,EVENT_WAIT,43,103,4.500,1784164941372860.100	,1784164941372864.600	
0,N/A,EVENT_RECORD,46,102,0.020,1784164941372864.140	,1784164941372864.160	
0,N/A,EVENT_WAIT,42,102,0.020,1784164941372867.080	,1784164941372867.100	
0,N/A,KERNEL_AICPU,43,104,71.261,1784164941372871.800	,1784164941372943.062	
0,N/A,KERNEL_AICPU,42,103,38.240,1784164941372873.640	,1784164941372911.881	
0,tilefwk_0_mix_aic,KERNEL_MIX_AIC,46,103,54.361,1784164941372885.221	,1784164941372939.582	
0,N/A,EVENT_WAIT,43,105,4.460,1784164941372985.803	,1784164941372990.263	
0,N/A,EVENT_RECORD,46,104,0.000,1784164941372989.803	,1784164941372989.803	
0,N/A,EVENT_WAIT,42,104,0.020,1784164941372992.703	,1784164941372992.723	
0,N/A,KERNEL_AICPU,43,106,83.901,1784164941372997.223	,1784164941373081.125	
0,N/A,KERNEL_AICPU,42,105,45.840,1784164941372999.303	,1784164941373045.144	
0,tilefwk_0_mix_aic,KERNEL_MIX_AIC,46,105,63.601,1784164941373010.863	,1784164941373074.464	
0,N/A,EVENT_WAIT,43,107,3.720,1784164941373109.305	,1784164941373113.025	
0,N/A,EVENT_RECORD,46,106,0.000,1784164941373112.565	,1784164941373112.565	
0,N/A,EVENT_WAIT,42,106,0.020,1784164941373116.265	,1784164941373116.285	
0,N/A,KERNEL_AICPU,43,108,71.661,1784164941373120.185	,1784164941373191.847	
0,N/A,KERNEL_AICPU,42,107,33.080,1784164941373122.905	,1784164941373155.986	
0,tilefwk_0_mix_aic,KERNEL_MIX_AIC,46,107,52.421,1784164941373133.706	,1784164941373186.127	
0,N/A,EVENT_WAIT,43,109,3.380,1784164941373232.788	,1784164941373236.168	
0,N/A,EVENT_RECORD,46,108,0.020,1784164941373235.708	,1784164941373235.728	
0,N/A,EVENT_WAIT,42,108,0.000,1784164941373239.488	,1784164941373239.488	
0,N/A,KERNEL_AICPU,42,109,45.080,1784164941373246.088	,1784164941373291.169	
0,N/A,KERNEL_AICPU,43,110,72.901,1784164941373251.288	,1784164941373324.189	
0,tilefwk_0_mix_aic,KERNEL_MIX_AIC,46,109,60.361,1784164941373260.348	,1784164941373320.709	
0,N/A,EVENT_WAIT,43,111,4.840,1784164941373362.810	,1784164941373367.650	
0,N/A,EVENT_RECORD,46,110,0.020,1784164941373367.190	,1784164941373367.210	
0,N/A,EVENT_WAIT,42,110,0.000,1784164941373369.950	,1784164941373369.950	
0,N/A,KERNEL_AICPU,43,112,70.961,1784164941373374.710	,1784164941373445.672	
0,N/A,KERNEL_AICPU,42,111,33.580,1784164941373376.470	,1784164941373410.051	
0,tilefwk_0_mix_aic,KERNEL_MIX_AIC,46,111,49.400,1784164941373388.491	,1784164941373437.892	
0,N/A,EVENT_WAIT,43,113,4.040,1784164941373486.873	,1784164941373490.913	
0,N/A,EVENT_RECORD,46,112,0.020,1784164941373490.433	,1784164941373490.453	
0,N/A,EVENT_WAIT,42,112,0.020,1784164941373493.753	,1784164941373493.773	
0,N/A,KERNEL_AICPU,43,114,80.221,1784164941373498.013	,1784164941373578.234	
0,N/A,KERNEL_AICPU,42,113,41.860,1784164941373500.253	,1784164941373542.114	
0,tilefwk_0_mix_aic,KERNEL_MIX_AIC,46,113,60.261,1784164941373511.613	,1784164941373571.874	
0,N/A,EVENT_WAIT,43,115,4.340,1784164941373611.275	,1784164941373615.615	
0,N/A,EVENT_RECORD,46,114,0.020,1784164941373615.155	,1784164941373615.175	
0,N/A,EVENT_WAIT,42,114,0.000,1784164941373618.255	,1784164941373618.255	
0,N/A,KERNEL_AICPU,43,116,73.341,1784164941373622.635	,1784164941373695.977	
0,N/A,KERNEL_AICPU,42,115,37.440,1784164941373624.835	,1784164941373662.276	
0,tilefwk_0_mix_aic,KERNEL_MIX_AIC,46,115,56.161,1784164941373636.216	,1784164941373692.377	
0,N/A,EVENT_WAIT,43,117,4.180,1784164941373739.578	,1784164941373743.758	
0,N/A,EVENT_RECORD,46,116,0.020,1784164941373743.278	,1784164941373743.298	
0,N/A,EVENT_WAIT,42,116,0.020,1784164941373746.578	,1784164941373746.598	
0,N/A,KERNEL_AICPU,43,118,72.861,1784164941373750.918	,1784164941373823.779	
0,N/A,KERNEL_AICPU,42,117,33.640,1784164941373753.018	,1784164941373786.659	
0,tilefwk_0_mix_aic,KERNEL_MIX_AIC,46,117,51.881,1784164941373764.298	,1784164941373816.179	
0,N/A,EVENT_WAIT,43,119,4.020,1784164941373866.700	,1784164941373870.720	
0,N/A,EVENT_RECORD,46,118,0.020,1784164941373870.240	,1784164941373870.260	
0,N/A,EVENT_WAIT,42,118,0.020,1784164941373873.340	,1784164941373873.360	
0,N/A,KERNEL_AICPU,42,119,32.880,1784164941373879.880	,1784164941373912.761	
0,N/A,KERNEL_AICPU,43,120,61.421,1784164941373885.301	,1784164941373946.722	
0,tilefwk_0_mix_aic,KERNEL_MIX_AIC,46,119,47.140,1784164941373894.021	,1784164941373941.162	
0,N/A,EVENT_WAIT,43,121,4.960,1784164941373996.483	,1784164941374001.443	
0,N/A,EVENT_RECORD,46,120,0.020,1784164941374000.963	,1784164941374000.983	
0,N/A,EVENT_WAIT,42,120,0.000,1784164941374003.383	,1784164941374003.383	
0,N/A,KERNEL_AICPU,43,122,72.801,1784164941374008.463	,1784164941374081.264	
0,N/A,KERNEL_AICPU,42,121,35.720,1784164941374009.843	,1784164941374045.564	
0,tilefwk_0_mix_aic,KERNEL_MIX_AIC,46,121,56.021,1784164941374021.923	,1784164941374077.944	
0,N/A,EVENT_WAIT,43,123,5.320,1784164941374136.646	,1784164941374141.966	
0,N/A,EVENT_RECORD,46,122,0.020,1784164941374141.486	,1784164941374141.506	
0,N/A,EVENT_WAIT,42,122,0.020,1784164941374143.666	,1784164941374143.686	
0,N/A,KERNEL_AICPU,43,124,69.661,1784164941374149.066	,1784164941374218.727	
0,N/A,KERNEL_AICPU,42,123,32.440,1784164941374150.066	,1784164941374182.507	
0,tilefwk_0_mix_aic,KERNEL_MIX_AIC,46,123,50.121,1784164941374162.466	,1784164941374212.587	
0,N/A,EVENT_WAIT,43,125,4.340,1784164941374267.908	,1784164941374272.248	
0,N/A,EVENT_RECORD,46,124,0.020,1784164941374271.768	,1784164941374271.788	
0,N/A,EVENT_WAIT,42,124,0.020,1784164941374274.748	,1784164941374274.768	
0,N/A,KERNEL_AICPU,43,126,81.861,1784164941374279.428	,1784164941374361.290	
0,N/A,KERNEL_AICPU,42,125,43.460,1784164941374281.128	,1784164941374324.589	
0,tilefwk_0_mix_aic,KERNEL_MIX_AIC,46,125,61.341,1784164941374292.729	,1784164941374354.070	
0,N/A,EVENT_WAIT,43,127,4.460,1784164941374393.751	,1784164941374398.211	
0,N/A,EVENT_RECORD,46,126,0.020,1784164941374397.711	,1784164941374397.731	
0,N/A,EVENT_WAIT,42,126,0.020,1784164941374400.571	,1784164941374400.591	
0,N/A,KERNEL_AICPU,42,127,36.600,1784164941374407.051	,1784164941374443.652	
0,N/A,KERNEL_AICPU,43,128,55.001,1784164941374422.631	,1784164941374477.632	
0,tilefwk_0_mix_aic,KERNEL_MIX_AIC,46,127,46.640,1784164941374427.431	,1784164941374474.072	
0,N/A,EVENT_RECORD,46,128,0.020,1784164941374560.034	,1784164941374560.054	
0,N/A,EVENT_WAIT,43,129,0.020,1784164941374584.175	,1784164941374584.195	
0,N/A,EVENT_WAIT,42,128,0.020,1784164941374599.635	,1784164941374599.655	
0,N/A,KERNEL_AICPU,42,129,46.420,1784164941374606.155	,1784164941374652.576	
0,N/A,KERNEL_AICPU,43,130,72.181,1784164941374614.895	,1784164941374687.077	
0,tilefwk_0_mix_aic,KERNEL_MIX_AIC,46,129,59.881,1784164941374620.735	,1784164941374680.616	
0,N/A,EVENT_WAIT,43,131,3.480,1784164941374759.658	,1784164941374763.138	
0,N/A,EVENT_RECORD,46,130,0.020,1784164941374762.678	,1784164941374762.698	
0,N/A,EVENT_WAIT,42,130,0.020,1784164941374764.738	,1784164941374764.758	
0,N/A,KERNEL_AICPU,42,131,32.660,1784164941374771.258	,1784164941374803.919	
0,N/A,KERNEL_AICPU,43,132,53.821,1784164941374782.919	,1784164941374836.740	
0,tilefwk_0_mix_aic,KERNEL_MIX_AIC,46,131,44.960,1784164941374785.779	,1784164941374830.739	
0,N/A,EVENT_WAIT,43,133,4.940,1784164941374894.181	,1784164941374899.121	
0,N/A,EVENT_RECORD,46,132,0.020,1784164941374898.661	,1784164941374898.681	
0,N/A,EVENT_WAIT,42,132,0.020,1784164941374901.161	,1784164941374901.181	
0,N/A,KERNEL_AICPU,42,133,43.800,1784164941374907.641	,1784164941374951.442	
0,N/A,KERNEL_AICPU,43,134,69.301,1784164941374914.281	,1784164941374983.583	
0,tilefwk_0_mix_aic,KERNEL_MIX_AIC,46,133,59.021,1784164941374921.221	,1784164941374980.242	
0,N/A,EVENT_WAIT,43,135,4.900,1784164941375022.143	,1784164941375027.043	
0,N/A,EVENT_RECORD,46,134,0.000,1784164941375026.603	,1784164941375026.603	
0,N/A,EVENT_WAIT,42,134,0.020,1784164941375029.023	,1784164941375029.043	
0,N/A,KERNEL_AICPU,43,136,69.421,1784164941375034.104	,1784164941375103.525	
0,N/A,KERNEL_AICPU,42,135,34.940,1784164941375035.484	,1784164941375070.424	
0,tilefwk_0_mix_aic,KERNEL_MIX_AIC,46,135,49.780,1784164941375047.684	,1784164941375097.465	
0,N/A,EVENT_WAIT,43,137,4.360,1784164941375149.886	,1784164941375154.246	
0,N/A,EVENT_RECORD,46,136,0.020,1784164941375153.746	,1784164941375153.766	
0,N/A,EVENT_WAIT,42,136,0.000,1784164941375156.966	,1784164941375156.966	
0,N/A,KERNEL_AICPU,42,137,40.240,1784164941375163.486	,1784164941375203.727	
0,N/A,KERNEL_AICPU,43,138,68.401,1784164941375169.366	,1784164941375237.768	
0,tilefwk_0_mix_aic,KERNEL_MIX_AIC,46,137,53.941,1784164941375177.446	,1784164941375231.387	
0,N/A,EVENT_RECORD,46,138,0.020,1784164941375280.728	,1784164941375280.748	
0,N/A,EVENT_WAIT,42,138,0.020,1784164941375282.168	,1784164941375282.188	
0,N/A,EVENT_WAIT,43,139,0.000,1784164941375287.769	,1784164941375287.769	
0,N/A,KERNEL_AICPU,42,139,36.980,1784164941375288.729	,1784164941375325.709	
0,N/A,KERNEL_AICPU,43,140,64.921,1784164941375294.749	,1784164941375359.670	
0,tilefwk_0_mix_aic,KERNEL_MIX_AIC,46,139,53.361,1784164941375303.009	,1784164941375356.370	
0,N/A,EVENT_WAIT,43,141,5.180,1784164941375405.871	,1784164941375411.051	
0,N/A,EVENT_RECORD,46,140,0.020,1784164941375410.591	,1784164941375410.611	
0,N/A,EVENT_WAIT,42,140,0.020,1784164941375412.911	,1784164941375412.931	
0,N/A,KERNEL_AICPU,43,142,74.341,1784164941375418.271	,1784164941375492.613	
0,N/A,KERNEL_AICPU,42,141,35.680,1784164941375419.531	,1784164941375455.212	
0,tilefwk_0_mix_aic,KERNEL_MIX_AIC,46,141,53.621,1784164941375431.591	,1784164941375485.213	
0,N/A,EVENT_WAIT,43,143,4.140,1784164941375532.033	,1784164941375536.174	
0,N/A,EVENT_RECORD,46,142,0.020,1784164941375535.734	,1784164941375535.754	
0,N/A,EVENT_WAIT,42,142,0.000,1784164941375539.034	,1784164941375539.034	
0,N/A,KERNEL_AICPU,42,143,32.540,1784164941375545.694	,1784164941375578.234	
0,N/A,KERNEL_AICPU,43,144,60.941,1784164941375548.734	,1784164941375609.675	
0,tilefwk_0_mix_aic,KERNEL_MIX_AIC,46,143,45.800,1784164941375559.574	,1784164941375605.375	
0,N/A,EVENT_WAIT,43,145,4.920,1784164941375659.196	,1784164941375664.116	
0,N/A,EVENT_RECORD,46,144,0.020,1784164941375663.636	,1784164941375663.656	
0,N/A,EVENT_WAIT,42,144,0.020,1784164941375666.096	,1784164941375666.116	
0,N/A,KERNEL_AICPU,42,145,33.380,1784164941375672.416	,1784164941375705.797	
0,N/A,KERNEL_AICPU,43,146,63.481,1784164941375675.776	,1784164941375739.258	
0,tilefwk_0_mix_aic,KERNEL_MIX_AIC,46,145,51.361,1784164941375684.377	,1784164941375735.738	
0,N/A,EVENT_WAIT,43,147,4.620,1784164941375785.139	,1784164941375789.759	
0,N/A,EVENT_RECORD,46,146,0.020,1784164941375789.259	,1784164941375789.279	
0,N/A,EVENT_WAIT,42,146,0.020,1784164941375791.919	,1784164941375791.939	
0,N/A,KERNEL_AICPU,42,147,48.440,1784164941375798.439	,1784164941375846.880	
0,N/A,KERNEL_AICPU,43,148,75.621,1784164941375804.539	,1784164941375880.160	
0,tilefwk_0_mix_aic,KERNEL_MIX_AIC,46,147,61.381,1784164941375812.259	,1784164941375873.640	
0,N/A,EVENT_WAIT,43,149,4.740,1784164941375912.201	,1784164941375916.941	
0,N/A,EVENT_RECORD,46,148,0.020,1784164941375916.461	,1784164941375916.481	
0,N/A,EVENT_WAIT,42,148,0.020,1784164941375918.681	,1784164941375918.701	
0,N/A,KERNEL_AICPU,42,149,35.100,1784164941375925.061	,1784164941375960.162	
0,N/A,KERNEL_AICPU,43,150,62.361,1784164941375931.241	,1784164941375993.603	
0,tilefwk_0_mix_aic,KERNEL_MIX_AIC,46,149,49.380,1784164941375938.662	,1784164941375988.043	
0,N/A,EVENT_WAIT,43,151,4.860,1784164941376044.464	,1784164941376049.324	
0,N/A,EVENT_RECORD,46,150,0.020,1784164941376048.844	,1784164941376048.864	
0,N/A,EVENT_WAIT,42,150,0.000,1784164941376051.404	,1784164941376051.404	
0,N/A,KERNEL_AICPU,43,152,62.261,1784164941376056.364	,1784164941376118.625	
0,N/A,KERNEL_AICPU,42,151,28.460,1784164941376057.704	,1784164941376086.165	
0,tilefwk_0_mix_aic,KERNEL_MIX_AIC,46,151,45.720,1784164941376069.664	,1784164941376115.385	
0,N/A,EVENT_WAIT,43,153,3.860,1784164941376166.966	,1784164941376170.826	
0,N/A,EVENT_RECORD,46,152,0.020,1784164941376170.366	,1784164941376170.386	
0,N/A,EVENT_WAIT,42,152,0.020,1784164941376173.746	,1784164941376173.766	
0,N/A,KERNEL_AICPU,43,154,73.661,1784164941376177.746	,1784164941376251.408	
0,N/A,KERNEL_AICPU,42,153,34.280,1784164941376180.166	,1784164941376214.447	
0,tilefwk_0_mix_aic,KERNEL_MIX_AIC,46,153,53.061,1784164941376191.247	,1784164941376244.308	
0,N/A,EVENT_WAIT,43,155,3.920,1784164941376289.269	,1784164941376293.189	
0,N/A,EVENT_RECORD,46,154,0.020,1784164941376292.709	,1784164941376292.729	
0,N/A,EVENT_WAIT,42,154,0.020,1784164941376296.209	,1784164941376296.229	
0,N/A,KERNEL_AICPU,43,156,70.201,1784164941376300.189	,1784164941376370.390	
0,N/A,KERNEL_AICPU,42,155,31.800,1784164941376302.629	,1784164941376334.430	
0,tilefwk_0_mix_aic,KERNEL_MIX_AIC,46,155,49.780,1784164941376313.209	,1784164941376362.990	
0,N/A,EVENT_WAIT,43,157,3.920,1784164941376413.211	,1784164941376417.131	
0,N/A,EVENT_RECORD,46,156,0.020,1784164941376416.651	,1784164941376416.671	
0,N/A,EVENT_WAIT,42,156,0.020,1784164941376420.031	,1784164941376420.051	
0,N/A,KERNEL_AICPU,42,157,34.980,1784164941376426.431	,1784164941376461.412	
0,N/A,KERNEL_AICPU,43,158,64.301,1784164941376429.691	,1784164941376493.993	
0,tilefwk_0_mix_aic,KERNEL_MIX_AIC,46,157,49.900,1784164941376440.532	,1784164941376490.433	
0,N/A,EVENT_WAIT,43,159,5.060,1784164941376541.534	,1784164941376546.594	
0,N/A,EVENT_RECORD,46,158,0.000,1784164941376545.994	,1784164941376545.994	
0,N/A,EVENT_WAIT,42,158,0.000,1784164941376548.374	,1784164941376548.374	
0,N/A,KERNEL_AICPU,42,159,47.620,1784164941376554.734	,1784164941376602.355	
0,N/A,KERNEL_AICPU,43,160,74.281,1784164941376561.454	,1784164941376635.736	
0,tilefwk_0_mix_aic,KERNEL_MIX_AIC,46,159,60.061,1784164941376568.474	,1784164941376628.535	
0,N/A,EVENT_WAIT,43,161,5.640,1784164941376669.336	,1784164941376674.976	
0,N/A,EVENT_RECORD,46,160,0.020,1784164941376674.516	,1784164941376674.536	
0,N/A,EVENT_WAIT,42,160,0.000,1784164941376676.416	,1784164941376676.416	
0,N/A,KERNEL_AICPU,43,162,78.681,1784164941376682.196	,1784164941376760.878	
0,N/A,KERNEL_AICPU,42,161,41.880,1784164941376683.096	,1784164941376724.977	
0,tilefwk_0_mix_aic,KERNEL_MIX_AIC,46,161,59.941,1784164941376695.417	,1784164941376755.358	
0,N/A,EVENT_WAIT,43,163,4.120,1784164941376797.059	,1784164941376801.179	
0,N/A,EVENT_RECORD,46,162,0.020,1784164941376800.699	,1784164941376800.719	
0,N/A,EVENT_WAIT,42,162,0.020,1784164941376804.179	,1784164941376804.199	
0,N/A,KERNEL_AICPU,43,164,76.981,1784164941376808.419	,1784164941376885.401	
0,N/A,KERNEL_AICPU,42,163,40.760,1784164941376810.779	,1784164941376851.540	
0,tilefwk_0_mix_aic,KERNEL_MIX_AIC,46,163,60.121,1784164941376821.819	,1784164941376881.940	
0,N/A,EVENT_WAIT,43,165,4.540,1784164941376924.661	,1784164941376929.201	
0,N/A,EVENT_RECORD,46,164,0.020,1784164941376928.741	,1784164941376928.761	
0,N/A,EVENT_WAIT,42,164,0.000,1784164941376931.621	,1784164941376931.621	
0,N/A,KERNEL_AICPU,43,166,71.141,1784164941376936.302	,1784164941377007.443	
0,N/A,KERNEL_AICPU,42,165,32.580,1784164941376938.262	,1784164941376970.842	
0,tilefwk_0_mix_aic,KERNEL_MIX_AIC,46,165,50.421,1784164941376949.982	,1784164941377000.403	
0,N/A,EVENT_WAIT,43,167,4.040,1784164941377048.384	,1784164941377052.424	
0,N/A,EVENT_RECORD,46,166,0.020,1784164941377051.964	,1784164941377051.984	
0,N/A,EVENT_WAIT,42,166,0.000,1784164941377055.384	,1784164941377055.384	
0,N/A,KERNEL_AICPU,42,167,34.960,1784164941377061.924	,1784164941377096.885	
0,N/A,KERNEL_AICPU,43,168,64.521,1784164941377067.104	,1784164941377131.625	
0,tilefwk_0_mix_aic,KERNEL_MIX_AIC,46,167,47.940,1784164941377076.104	,1784164941377124.045	
0,N/A,EVENT_WAIT,43,169,4.960,1784164941377182.426	,1784164941377187.387	
0,N/A,EVENT_RECORD,46,168,0.020,1784164941377186.867	,1784164941377186.887	
0,N/A,EVENT_WAIT,42,168,0.000,1784164941377189.507	,1784164941377189.507	
0,N/A,KERNEL_AICPU,42,169,44.280,1784164941377196.167	,1784164941377240.448	
0,N/A,KERNEL_AICPU,43,170,72.081,1784164941377202.387	,1784164941377274.468	
0,tilefwk_0_mix_aic,KERNEL_MIX_AIC,46,169,60.921,1784164941377209.967	,1784164941377270.888	
0,N/A,EVENT_WAIT,43,171,4.900,1784164941377308.269	,1784164941377313.169	
0,N/A,EVENT_RECORD,46,170,0.020,1784164941377312.709	,1784164941377312.729	
0,N/A,EVENT_WAIT,42,170,0.020,1784164941377315.289	,1784164941377315.309	
0,N/A,KERNEL_AICPU,43,172,70.101,1784164941377320.449	,1784164941377390.551	
0,N/A,KERNEL_AICPU,42,171,33.540,1784164941377321.769	,1784164941377355.310	
0,tilefwk_0_mix_aic,KERNEL_MIX_AIC,46,171,50.501,1784164941377333.889	,1784164941377384.390	
0,N/A,EVENT_WAIT,43,173,3.940,1784164941377431.431	,1784164941377435.372	
0,N/A,EVENT_RECORD,46,172,0.020,1784164941377434.911	,1784164941377434.931	
0,N/A,EVENT_WAIT,42,172,0.020,1784164941377438.612	,1784164941377438.632	
0,N/A,KERNEL_AICPU,43,174,79.101,1784164941377442.692	,1784164941377521.793	
0,N/A,KERNEL_AICPU,42,173,42.340,1784164941377445.312	,1784164941377487.653	
0,tilefwk_0_mix_aic,KERNEL_MIX_AIC,46,173,60.021,1784164941377455.852	,1784164941377515.873	
0,N/A,EVENT_WAIT,43,175,4.460,1784164941377553.454	,1784164941377557.914	
0,N/A,EVENT_RECORD,46,174,0.020,1784164941377557.454	,1784164941377557.474	
0,N/A,EVENT_WAIT,42,174,0.020,1784164941377560.594	,1784164941377560.614	
0,N/A,KERNEL_AICPU,43,176,64.521,1784164941377564.914	,1784164941377629.435	
0,N/A,KERNEL_AICPU,42,175,29.180,1784164941377567.174	,1784164941377596.355	
0,tilefwk_0_mix_aic,KERNEL_MIX_AIC,46,175,47.260,1784164941377578.674	,1784164941377625.935	
0,N/A,EVENT_WAIT,43,177,4.360,1784164941377676.236	,1784164941377680.596	
0,N/A,EVENT_RECORD,46,176,0.020,1784164941377680.116	,1784164941377680.136	
0,N/A,EVENT_WAIT,42,176,0.020,1784164941377683.096	,1784164941377683.116	
0,N/A,KERNEL_AICPU,42,177,47.280,1784164941377689.577	,1784164941377736.858	
0,N/A,KERNEL_AICPU,43,178,79.101,1784164941377693.037	,1784164941377772.138	
0,tilefwk_0_mix_aic,KERNEL_MIX_AIC,46,177,61.161,1784164941377703.517	,1784164941377764.678	
0,N/A,EVENT_WAIT,43,179,5.160,1784164941377803.239	,1784164941377808.399	
0,N/A,EVENT_RECORD,46,178,0.020,1784164941377807.899	,1784164941377807.919	
0,N/A,EVENT_WAIT,42,178,0.020,1784164941377810.219	,1784164941377810.239	
0,N/A,KERNEL_AICPU,42,179,31.320,1784164941377816.539	,1784164941377847.860	
0,N/A,KERNEL_AICPU,43,180,58.301,1784164941377823.299	,1784164941377881.600	
0,tilefwk_0_mix_aic,KERNEL_MIX_AIC,46,179,44.540,1784164941377830.379	,1784164941377874.920	
0,N/A,EVENT_WAIT,43,181,5.280,1784164941377931.701	,1784164941377936.982	
0,N/A,EVENT_RECORD,46,180,0.020,1784164941377936.502	,1784164941377936.522	
0,N/A,EVENT_WAIT,42,180,0.020,1784164941377938.702	,1784164941377938.722	
0,N/A,KERNEL_AICPU,43,182,75.221,1784164941377944.102	,1784164941378019.323	
0,N/A,KERNEL_AICPU,42,181,41.560,1784164941377945.062	,1784164941377986.623	
0,tilefwk_0_mix_aic,KERNEL_MIX_AIC,46,181,58.541,1784164941377957.062	,1784164941378015.603	
0,N/A,EVENT_WAIT,43,183,4.480,1784164941378053.264	,1784164941378057.744	
0,N/A,EVENT_RECORD,46,182,0.020,1784164941378057.264	,1784164941378057.284	
0,N/A,EVENT_WAIT,42,182,0.020,1784164941378060.124	,1784164941378060.144	
0,N/A,KERNEL_AICPU,43,184,74.381,1784164941378064.664	,1784164941378139.046	
0,N/A,KERNEL_AICPU,42,183,35.760,1784164941378066.584	,1784164941378102.345	
0,tilefwk_0_mix_aic,KERNEL_MIX_AIC,46,183,49.240,1784164941378082.204	,1784164941378131.445	
0,N/A,EVENT_WAIT,43,185,4.380,1784164941378195.207	,1784164941378199.587	
0,N/A,EVENT_RECORD,46,184,0.020,1784164941378199.107	,1784164941378199.127	
0,N/A,EVENT_WAIT,42,184,0.020,1784164941378202.207	,1784164941378202.227	
0,N/A,KERNEL_AICPU,43,186,70.461,1784164941378206.827	,1784164941378277.288	
0,N/A,KERNEL_AICPU,42,185,32.420,1784164941378208.627	,1784164941378241.048	
0,tilefwk_0_mix_aic,KERNEL_MIX_AIC,46,185,51.161,1784164941378220.247	,1784164941378271.408	
0,N/A,EVENT_WAIT,43,187,4.100,1784164941378320.649	,1784164941378324.749	
0,N/A,EVENT_RECORD,46,186,0.020,1784164941378324.269	,1784164941378324.289	
0,N/A,EVENT_WAIT,42,186,0.000,1784164941378327.549	,1784164941378327.549	
0,N/A,KERNEL_AICPU,42,187,34.740,1784164941378333.949	,1784164941378368.690	
0,N/A,KERNEL_AICPU,43,188,65.001,1784164941378337.370	,1784164941378402.371	
0,tilefwk_0_mix_aic,KERNEL_MIX_AIC,46,187,51.321,1784164941378347.570	,1784164941378398.891	
0,N/A,EVENT_WAIT,43,189,4.900,1784164941378450.012	,1784164941378454.912	
0,N/A,EVENT_RECORD,46,188,0.020,1784164941378454.432	,1784164941378454.452	
0,N/A,EVENT_WAIT,42,188,0.020,1784164941378462.092	,1784164941378462.112	
0,N/A,KERNEL_AICPU,42,189,48.220,1784164941378471.192	,1784164941378519.413	
0,tilefwk_0_mix_aic,KERNEL_MIX_AIC,46,189,67.161,1784164941378479.752	,1784164941378546.914	
0,N/A,KERNEL_AICPU,43,190,69.101,1784164941378485.132	,1784164941378554.234	
0,N/A,EVENT_WAIT,43,191,5.340,1784164941378584.194	,1784164941378589.535	
0,N/A,EVENT_RECORD,46,190,0.020,1784164941378588.935	,1784164941378588.955	
0,N/A,EVENT_WAIT,42,190,0.000,1784164941378591.335	,1784164941378591.335	
0,N/A,KERNEL_AICPU,42,191,29.480,1784164941378598.035	,1784164941378627.515	
0,N/A,KERNEL_AICPU,43,192,53.541,1784164941378613.955	,1784164941378667.496	
0,tilefwk_0_mix_aic,KERNEL_MIX_AIC,46,191,42.600,1784164941378618.735	,1784164941378661.336	
0,N/A,EVENT_RECORD,46,192,0.020,1784164941378777.818	,1784164941378777.838	
0,N/A,EVENT_WAIT,43,193,0.000,1784164941378803.559	,1784164941378803.559	
0,N/A,EVENT_WAIT,42,192,0.020,1784164941378815.219	,1784164941378815.239	
0,N/A,KERNEL_AICPU,42,193,41.560,1784164941378824.499	,1784164941378866.060	
0,tilefwk_0_mix_aic,KERNEL_MIX_AIC,46,193,63.801,1784164941378832.619	,1784164941378896.421	
0,N/A,KERNEL_AICPU,43,194,59.101,1784164941378840.840	,1784164941378899.941	
0,N/A,EVENT_WAIT,43,195,5.000,1784164941378949.022	,1784164941378954.022	
0,N/A,EVENT_RECORD,46,194,0.020,1784164941378953.562	,1784164941378953.582	
0,N/A,EVENT_WAIT,42,194,0.020,1784164941378955.922	,1784164941378955.942	
0,N/A,KERNEL_AICPU,42,195,49.200,1784164941378962.482	,1784164941379011.683	
0,N/A,KERNEL_AICPU,43,196,78.961,1784164941378966.662	,1784164941379045.624	
0,tilefwk_0_mix_aic,KERNEL_MIX_AIC,46,195,62.661,1784164941378976.222	,1784164941379038.884	
0,N/A,EVENT_WAIT,43,197,4.880,1784164941379079.544	,1784164941379084.424	
0,N/A,EVENT_RECORD,46,196,0.020,1784164941379083.964	,1784164941379083.984	
0,N/A,EVENT_WAIT,42,196,0.020,1784164941379086.344	,1784164941379086.364	
0,N/A,KERNEL_AICPU,42,197,36.920,1784164941379092.745	,1784164941379129.665	
0,N/A,KERNEL_AICPU,43,198,67.641,1784164941379099.065	,1784164941379166.706	
0,tilefwk_0_mix_aic,KERNEL_MIX_AIC,46,197,52.401,1784164941379106.805	,1784164941379159.206	
0,N/A,EVENT_WAIT,43,199,4.740,1784164941379209.627	,1784164941379214.367	
0,N/A,EVENT_RECORD,46,198,0.000,1784164941379213.927	,1784164941379213.927	
0,N/A,EVENT_WAIT,42,198,0.020,1784164941379216.747	,1784164941379216.767	
0,N/A,KERNEL_AICPU,42,199,31.660,1784164941379223.187	,1784164941379254.848	
0,N/A,KERNEL_AICPU,43,200,58.081,1784164941379229.507	,1784164941379287.589	
0,tilefwk_0_mix_aic,KERNEL_MIX_AIC,46,199,47.140,1784164941379237.188	,1784164941379284.328	
0,N/A,PROFILING_DISABLE,49,5,0.000,1784164941656278.403	,1784164941656278.403	
